-- phpMyAdmin SQL Dump
-- version 5.2.1
-- https://www.phpmyadmin.net/
--
-- Počítač: 127.0.0.1
-- Vytvořeno: Stř 08. kvě 2024, 20:56
-- Verze serveru: 10.4.32-MariaDB
-- Verze PHP: 8.2.12

SET SQL_MODE = "NO_AUTO_VALUE_ON_ZERO";
START TRANSACTION;
SET time_zone = "+00:00";


/*!40101 SET @OLD_CHARACTER_SET_CLIENT=@@CHARACTER_SET_CLIENT */;
/*!40101 SET @OLD_CHARACTER_SET_RESULTS=@@CHARACTER_SET_RESULTS */;
/*!40101 SET @OLD_COLLATION_CONNECTION=@@COLLATION_CONNECTION */;
/*!40101 SET NAMES utf8mb4 */;

--
-- Databáze: `green`
--
CREATE DATABASE IF NOT EXISTS `green` DEFAULT CHARACTER SET utf8mb4 COLLATE utf8mb4_general_ci;
USE `green`;

-- --------------------------------------------------------

--
-- Struktura tabulky `components`
--

CREATE TABLE `components` (
  `components_id` int(11) NOT NULL,
  `pages_id` int(11) NOT NULL,
  `list_components_id` int(11) NOT NULL,
  `contents_id` int(11) NOT NULL,
  `order` int(11) NOT NULL
) ENGINE=InnoDB DEFAULT CHARSET=utf8mb4 COLLATE=utf8mb4_general_ci;

--
-- Vypisuji data pro tabulku `components`
--

INSERT INTO `components` (`components_id`, `pages_id`, `list_components_id`, `contents_id`, `order`) VALUES
(1, 1, 1, 1, 1),
(38, 1, 2, 14, 3),
(2, 1, 3, 1, 2),
(4, 1, 4, 0, 20),
(36, 1, 4, 12, 20),
(3, 1, 13, 7, 3),
(40, 1, 13, 15, 5),
(41, 1, 13, 16, 4),
(35, 1, 17, 11, 4),
(34, 1, 18, 0, 5),
(48, 1, 18, 23, 6),
(43, 6, 1, 18, 1),
(47, 6, 2, 22, 2),
(44, 6, 3, 19, 2),
(45, 6, 4, 20, 50),
(39, 6, 13, 12, 4),
(46, 6, 13, 21, 5);

-- --------------------------------------------------------

--
-- Struktura tabulky `contents`
--

CREATE TABLE `contents` (
  `contents_id` int(11) NOT NULL,
  `page_id` int(11) NOT NULL,
  `name` tinytext NOT NULL,
  `content1` text NOT NULL,
  `content2` text NOT NULL,
  `content3` text NOT NULL,
  `content4` text NOT NULL,
  `content5` text NOT NULL,
  `content6` text NOT NULL,
  `content7` text NOT NULL,
  `content8` text NOT NULL,
  `content9` text NOT NULL,
  `content10` text NOT NULL,
  `content11` text NOT NULL,
  `content12` text NOT NULL
) ENGINE=InnoDB DEFAULT CHARSET=utf8mb4 COLLATE=utf8mb4_general_ci;

--
-- Vypisuji data pro tabulku `contents`
--

INSERT INTO `contents` (`contents_id`, `page_id`, `name`, `content1`, `content2`, `content3`, `content4`, `content5`, `content6`, `content7`, `content8`, `content9`, `content10`, `content11`, `content12`) VALUES
(1, 1, 'nula', '', '', 'zrtf', ',nb,nm', '', '', 'nkbbbn', '', '', '', '', ''),
(7, 1, 'tři', 'Výletyyy', 'Cestovatelské a tábornické znalosti, dovednosti přežití. Zkušený průvodce, respektující přístup a spousta zábavy.​.', 'Kroužky​', 'Většinu času trávíme v pohybu, v přírodě, za každého počasí. Věnujeme se, pohybovým hrám a vzdělávacím činnostem.​', 'Kurzy', 'Nabízím vzdělávací činnosti, výuku programování, sjíždění řek na nafukovacích kánojích, cestovatelské dovednosti a znalosti. ​', 'fad fa-hiking', 'fad fa-hiking', 'fad fa-hiking', '', '0', ''),
(8, 1, 'Nový Obsah', 'Content 1', 'Content 2', 'Content 3', 'Content 4', 'Content 5', 'Content 6', 'Content 7', 'Content 8', 'Content 9', 'Content 10', 'Content 11', 'Content 12'),
(11, 1, 'Nový Obsah', 'Nadpis česky', 'Content 2', 'Content 3', 'Content 4', 'Content 5', 'Content 6', 'Content 7', 'Content 8', 'Content 9', 'Content 10', 'Content 11', 'Content 12'),
(12, 1, 'Nový Obsah', 'Content 1', 'Content 2', 'Content 3', 'Content 4', 'Content 5', 'Content 6', 'Český 8', 'Content 8', 'Content 9', 'Content 10', 'Content 11', 'Content 12'),
(13, 1, 'Nový Obsah', 'Content 1', 'Content 2', 'Content 3', 'Content 4', 'Content 5', 'Content 6', 'Content 7', 'Content 8', 'Content 9', 'Content 10', 'Content 11', 'Content 12'),
(14, 1, 'Nový Obsah', 'Content 1', 'Content 2', 'Content 3', 'Content 4', 'Content 5', 'Content 6', 'Content 7', 'Content 8', 'Content 9', 'Content 10', 'Content 11', 'Content 12'),
(15, 1, 'Nový Obsah', 'Content 1', 'Content 2', 'Content 3', 'Content 4', 'Content 5', 'Content 6', 'Content 7', 'Content 8', 'Content 9', 'Content 10', 'Content 11', 'Content 12'),
(16, 1, 'Nový Obsah', 'Česky kontenty', 'Content 2', 'Content 3', 'Content 4', 'Content 5', 'Content 6', 'Content 77', 'Content 8', 'Content 9', 'Content 10', 'Content 11', 'Content 15'),
(17, 6, 'Nový Obsah', 'Content 1', 'Content 2', 'Content 3', 'Content 4', 'Content 5', 'Content 6', 'Content 7', 'Content 8', 'Content 9', 'Content 10', 'Content 11', 'Content 12'),
(18, 6, 'Nový Obsah', 'Content 1', 'Content 2', 'Content 3', 'Content 4', 'Content 5', 'Content 6', 'Content 7', 'Content 8', 'Content 9', 'Content 10', 'Content 11', 'Content 12'),
(19, 6, 'Nový Obsah', 'Moderní řešení pro', 'Váš', 'Projekt', 'E-shop', 'Otevřete svůj internetový obchod ještě dnes!', 'Content 6', 'Od 50 Kč / měsíc', 'Trvá to 5 minut', 'Content 9', 'Content 10', 'Content 11', 'Content 12'),
(20, 6, 'Nový Obsah', 'Content 1', 'Content 2', 'Content 3', 'Content 4', 'Content 5', 'Content 6', 'Content 7', 'Content 8', 'Content 9', 'Content 10', 'Content 11', 'Content 12'),
(21, 6, 'Nový Obsah', 'Content 1', 'Content 2', 'Content 3', 'Content 4', 'Content 5', 'Content 6', 'Content 7', 'Content 8', 'Content 9', 'Content 10', 'Content 11', 'Content 12'),
(22, 6, 'Nový Obsah', 'Content 1', 'Content 2', 'Content 3', 'Content 4', 'Content 5', 'Content 6', 'Content 7', 'Content 8', 'Content 9', 'Content 10', 'Content 11', 'Content 12'),
(23, 1, 'Nový Obsah', 'bi bi-circle-half', 'Content 2', 'Content 3', 'bi bi-circle-half', 'Content 5', 'Content 6', 'bi bi-circle-half', 'Content 8', 'Content 9', 'Content 10', 'Content 11', 'Content 12');

-- --------------------------------------------------------

--
-- Struktura tabulky `content_localizations`
--

CREATE TABLE `content_localizations` (
  `localization_id` int(11) NOT NULL,
  `contents_id` int(11) NOT NULL,
  `language` varchar(10) NOT NULL,
  `field_name` varchar(255) NOT NULL,
  `content` text DEFAULT NULL
) ENGINE=InnoDB DEFAULT CHARSET=utf8mb4 COLLATE=utf8mb4_general_ci;

--
-- Vypisuji data pro tabulku `content_localizations`
--

INSERT INTO `content_localizations` (`localization_id`, `contents_id`, `language`, `field_name`, `content`) VALUES
(1, 7, 'en', 'content1', 'Tripsss'),
(2, 7, 'en', 'content3', 'Clouzek2'),
(3, 11, 'en', 'content1', 'Nadpis českyy'),
(4, 16, 'en', 'content1', 'Englicky contenty'),
(5, 12, 'en', 'content7', 'Englicky 8'),
(6, 21, 'en', 'content7', 'Englicky');

-- --------------------------------------------------------

--
-- Struktura tabulky `installed_templates`
--

CREATE TABLE `installed_templates` (
  `id` int(11) NOT NULL,
  `name` varchar(255) NOT NULL,
  `description` text DEFAULT NULL,
  `path` varchar(255) DEFAULT NULL
) ENGINE=InnoDB DEFAULT CHARSET=utf8mb4 COLLATE=utf8mb4_general_ci;

--
-- Vypisuji data pro tabulku `installed_templates`
--

INSERT INTO `installed_templates` (`id`, `name`, `description`, `path`) VALUES
(1, 'mizzle', NULL, NULL),
(2, 'block', NULL, NULL),
(3, 'timeline', NULL, NULL),
(4, 'travel', NULL, NULL),
(5, 'green', NULL, NULL);

-- --------------------------------------------------------

--
-- Struktura tabulky `list_components`
--

CREATE TABLE `list_components` (
  `list_components_id` int(11) NOT NULL,
  `name` varchar(255) NOT NULL
) ENGINE=InnoDB DEFAULT CHARSET=utf8mb4 COLLATE=utf8mb4_general_ci;

--
-- Vypisuji data pro tabulku `list_components`
--

INSERT INTO `list_components` (`list_components_id`, `name`) VALUES
(11, '3box-v1'),
(12, '3box-v2'),
(13, '3box1'),
(16, '3box2'),
(17, '3box3'),
(18, '3box4'),
(5, 'articles'),
(7, 'blog'),
(4, 'footer'),
(1, 'head'),
(3, 'headbar'),
(6, 'head_path'),
(2, 'navigation'),
(9, 'navigation1'),
(8, 'timeline'),
(10, 'travel');

-- --------------------------------------------------------

--
-- Struktura tabulky `pages`
--

CREATE TABLE `pages` (
  `pages_id` int(11) NOT NULL,
  `title` varchar(255) NOT NULL,
  `uri` varchar(255) NOT NULL,
  `menu_order` int(11) NOT NULL,
  `visible_in_menu` tinyint(1) NOT NULL DEFAULT 1,
  `parent_id` int(11) DEFAULT NULL
) ENGINE=InnoDB DEFAULT CHARSET=utf8mb4 COLLATE=utf8mb4_general_ci;

--
-- Vypisuji data pro tabulku `pages`
--

INSERT INTO `pages` (`pages_id`, `title`, `uri`, `menu_order`, `visible_in_menu`, `parent_id`) VALUES
(1, 'Úvod', 'index', 1, 1, NULL),
(6, 'Blog', 'blog', 2, 1, NULL);

-- --------------------------------------------------------

--
-- Struktura tabulky `templates`
--

CREATE TABLE `templates` (
  `tamplates_id` int(11) NOT NULL,
  `pages_id` int(11) NOT NULL,
  `templates_id` int(11) NOT NULL
) ENGINE=InnoDB DEFAULT CHARSET=utf8mb4 COLLATE=utf8mb4_general_ci;

-- --------------------------------------------------------

--
-- Struktura tabulky `users`
--

CREATE TABLE `users` (
  `id` int(11) NOT NULL,
  `username` varchar(255) NOT NULL,
  `email` text NOT NULL,
  `password_hash` varchar(255) NOT NULL,
  `reset_token` varchar(128) DEFAULT NULL,
  `token_expiration` int(11) DEFAULT NULL
) ENGINE=InnoDB DEFAULT CHARSET=utf8mb4 COLLATE=utf8mb4_general_ci;

--
-- Vypisuji data pro tabulku `users`
--

INSERT INTO `users` (`id`, `username`, `email`, `password_hash`, `reset_token`, `token_expiration`) VALUES
(1, 'agpl', 'gmail@petrlizal.com', '$2y$10$3YhiH9zzbLPdU8vdi.pF4OxvXrJ0m5Z7nV0BuOz82kiS/s3qXZBWa', NULL, NULL),
(2, 'admin', 'info@dobrodruzi.cz', '$2y$10$xwp16jsQG0XXzyDmV/rayuFLk/HtfGWWBwr68rbjy8UpH.NaNKddG', NULL, NULL);

--
-- Indexy pro exportované tabulky
--

--
-- Indexy pro tabulku `components`
--
ALTER TABLE `components`
  ADD PRIMARY KEY (`pages_id`,`list_components_id`,`contents_id`),
  ADD UNIQUE KEY `id` (`components_id`),
  ADD KEY `fk_component_id` (`list_components_id`),
  ADD KEY `fk_content_id` (`contents_id`);

--
-- Indexy pro tabulku `contents`
--
ALTER TABLE `contents`
  ADD PRIMARY KEY (`contents_id`),
  ADD KEY `page_content` (`page_id`);

--
-- Indexy pro tabulku `content_localizations`
--
ALTER TABLE `content_localizations`
  ADD PRIMARY KEY (`localization_id`),
  ADD KEY `contents_id` (`contents_id`);

--
-- Indexy pro tabulku `installed_templates`
--
ALTER TABLE `installed_templates`
  ADD PRIMARY KEY (`id`),
  ADD UNIQUE KEY `name` (`name`);

--
-- Indexy pro tabulku `list_components`
--
ALTER TABLE `list_components`
  ADD PRIMARY KEY (`list_components_id`),
  ADD UNIQUE KEY `name` (`name`);

--
-- Indexy pro tabulku `pages`
--
ALTER TABLE `pages`
  ADD PRIMARY KEY (`pages_id`),
  ADD UNIQUE KEY `uri` (`uri`),
  ADD KEY `fk_pages_parent` (`parent_id`);

--
-- Indexy pro tabulku `templates`
--
ALTER TABLE `templates`
  ADD PRIMARY KEY (`tamplates_id`);

--
-- Indexy pro tabulku `users`
--
ALTER TABLE `users`
  ADD PRIMARY KEY (`id`);

--
-- AUTO_INCREMENT pro tabulky
--

--
-- AUTO_INCREMENT pro tabulku `components`
--
ALTER TABLE `components`
  MODIFY `components_id` int(11) NOT NULL AUTO_INCREMENT, AUTO_INCREMENT=49;

--
-- AUTO_INCREMENT pro tabulku `contents`
--
ALTER TABLE `contents`
  MODIFY `contents_id` int(11) NOT NULL AUTO_INCREMENT, AUTO_INCREMENT=24;

--
-- AUTO_INCREMENT pro tabulku `content_localizations`
--
ALTER TABLE `content_localizations`
  MODIFY `localization_id` int(11) NOT NULL AUTO_INCREMENT, AUTO_INCREMENT=7;

--
-- AUTO_INCREMENT pro tabulku `installed_templates`
--
ALTER TABLE `installed_templates`
  MODIFY `id` int(11) NOT NULL AUTO_INCREMENT, AUTO_INCREMENT=6;

--
-- AUTO_INCREMENT pro tabulku `list_components`
--
ALTER TABLE `list_components`
  MODIFY `list_components_id` int(11) NOT NULL AUTO_INCREMENT, AUTO_INCREMENT=19;

--
-- AUTO_INCREMENT pro tabulku `templates`
--
ALTER TABLE `templates`
  MODIFY `tamplates_id` int(11) NOT NULL AUTO_INCREMENT;

--
-- AUTO_INCREMENT pro tabulku `users`
--
ALTER TABLE `users`
  MODIFY `id` int(11) NOT NULL AUTO_INCREMENT, AUTO_INCREMENT=4;

--
-- Omezení pro exportované tabulky
--

--
-- Omezení pro tabulku `components`
--
ALTER TABLE `components`
  ADD CONSTRAINT `fk_component_id` FOREIGN KEY (`list_components_id`) REFERENCES `list_components` (`list_components_id`),
  ADD CONSTRAINT `fk_content_id` FOREIGN KEY (`contents_id`) REFERENCES `contents` (`contents_id`),
  ADD CONSTRAINT `fk_page_id` FOREIGN KEY (`pages_id`) REFERENCES `pages` (`pages_id`);

--
-- Omezení pro tabulku `contents`
--
ALTER TABLE `contents`
  ADD CONSTRAINT `page_content` FOREIGN KEY (`page_id`) REFERENCES `pages` (`pages_id`);
--
-- Databáze: `green2`
--
CREATE DATABASE IF NOT EXISTS `green2` DEFAULT CHARACTER SET utf8mb4 COLLATE utf8mb4_general_ci;
USE `green2`;

-- --------------------------------------------------------

--
-- Struktura tabulky `contents`
--

CREATE TABLE `contents` (
  `contents_id` int(11) NOT NULL,
  `page_id` int(11) NOT NULL,
  `name` tinytext NOT NULL,
  `content1` text NOT NULL,
  `content2` text NOT NULL,
  `content3` text NOT NULL,
  `content4` text NOT NULL,
  `content5` text NOT NULL,
  `content6` text NOT NULL,
  `content7` text NOT NULL,
  `content8` text NOT NULL,
  `content9` text NOT NULL,
  `content10` text NOT NULL,
  `content11` text NOT NULL,
  `content12` text NOT NULL
) ENGINE=InnoDB DEFAULT CHARSET=utf8mb4 COLLATE=utf8mb4_general_ci;

-- --------------------------------------------------------

--
-- Struktura tabulky `content_localizations`
--

CREATE TABLE `content_localizations` (
  `localization_id` int(11) NOT NULL,
  `contents_id` int(11) NOT NULL,
  `language` varchar(10) NOT NULL,
  `field_name` varchar(255) NOT NULL,
  `content` text DEFAULT NULL
) ENGINE=InnoDB DEFAULT CHARSET=utf8mb4 COLLATE=utf8mb4_general_ci;

-- --------------------------------------------------------

--
-- Struktura tabulky `installed_templates`
--

CREATE TABLE `installed_templates` (
  `id` int(11) NOT NULL,
  `name` varchar(255) NOT NULL,
  `description` text DEFAULT NULL,
  `path` varchar(255) DEFAULT NULL
) ENGINE=InnoDB DEFAULT CHARSET=utf8mb4 COLLATE=utf8mb4_general_ci;

-- --------------------------------------------------------

--
-- Struktura tabulky `list_components`
--

CREATE TABLE `list_components` (
  `list_components_id` int(11) NOT NULL,
  `name` varchar(255) NOT NULL
) ENGINE=InnoDB DEFAULT CHARSET=utf8mb4 COLLATE=utf8mb4_general_ci;

-- --------------------------------------------------------

--
-- Struktura tabulky `pages`
--

CREATE TABLE `pages` (
  `pages_id` int(11) NOT NULL,
  `title` varchar(255) NOT NULL,
  `uri` varchar(255) NOT NULL,
  `menu_order` int(11) NOT NULL,
  `visible_in_menu` tinyint(1) NOT NULL DEFAULT 1,
  `parent_id` int(11) DEFAULT NULL
) ENGINE=InnoDB DEFAULT CHARSET=utf8mb4 COLLATE=utf8mb4_general_ci;

--
-- Vypisuji data pro tabulku `pages`
--

INSERT INTO `pages` (`pages_id`, `title`, `uri`, `menu_order`, `visible_in_menu`, `parent_id`) VALUES
(1, 'Úvod', 'index', 1, 1, NULL),
(2, 'Produkty', 'produkty', 2, 1, NULL),
(3, 'Vybavení', 'vybaveni', 3, 0, NULL),
(4, 'Příspěvky', 'articles', 4, 0, NULL),
(5, 'Lektorské služby pro děti', 'https://dobrodruzi.cz', 5, 1, NULL),
(6, 'Blog', 'blog', 2, 1, NULL),
(8, 'Cestovní časová osa', 'timeline', 8, 1, 10),
(9, 'Cestovní deník', 'travel', 7, 1, 10),
(10, 'Cestovní zápisky', 'nic', 10, 1, NULL);

-- --------------------------------------------------------

--
-- Struktura tabulky `templates`
--

CREATE TABLE `templates` (
  `tamplates_id` int(11) NOT NULL,
  `pages_id` int(11) NOT NULL,
  `templates_id` int(11) NOT NULL
) ENGINE=InnoDB DEFAULT CHARSET=utf8mb4 COLLATE=utf8mb4_general_ci;

-- --------------------------------------------------------

--
-- Struktura tabulky `users`
--

CREATE TABLE `users` (
  `id` int(11) NOT NULL,
  `username` varchar(255) NOT NULL,
  `password_hash` varchar(255) NOT NULL
) ENGINE=InnoDB DEFAULT CHARSET=utf8mb4 COLLATE=utf8mb4_general_ci;

--
-- Indexy pro exportované tabulky
--

--
-- Indexy pro tabulku `contents`
--
ALTER TABLE `contents`
  ADD PRIMARY KEY (`contents_id`),
  ADD KEY `page_content` (`page_id`);

--
-- AUTO_INCREMENT pro tabulky
--

--
-- AUTO_INCREMENT pro tabulku `contents`
--
ALTER TABLE `contents`
  MODIFY `contents_id` int(11) NOT NULL AUTO_INCREMENT, AUTO_INCREMENT=8;
--
-- Databáze: `new`
--
CREATE DATABASE IF NOT EXISTS `new` DEFAULT CHARACTER SET utf8mb4 COLLATE utf8mb4_general_ci;
USE `new`;
--
-- Databáze: `phpmyadmin`
--
CREATE DATABASE IF NOT EXISTS `phpmyadmin` DEFAULT CHARACTER SET utf8 COLLATE utf8_bin;
USE `phpmyadmin`;

-- --------------------------------------------------------

--
-- Struktura tabulky `pma__bookmark`
--

CREATE TABLE `pma__bookmark` (
  `id` int(10) UNSIGNED NOT NULL,
  `dbase` varchar(255) NOT NULL DEFAULT '',
  `user` varchar(255) NOT NULL DEFAULT '',
  `label` varchar(255) CHARACTER SET utf8 COLLATE utf8_general_ci NOT NULL DEFAULT '',
  `query` text NOT NULL
) ENGINE=InnoDB DEFAULT CHARSET=utf8 COLLATE=utf8_bin COMMENT='Bookmarks';

-- --------------------------------------------------------

--
-- Struktura tabulky `pma__central_columns`
--

CREATE TABLE `pma__central_columns` (
  `db_name` varchar(64) NOT NULL,
  `col_name` varchar(64) NOT NULL,
  `col_type` varchar(64) NOT NULL,
  `col_length` text DEFAULT NULL,
  `col_collation` varchar(64) NOT NULL,
  `col_isNull` tinyint(1) NOT NULL,
  `col_extra` varchar(255) DEFAULT '',
  `col_default` text DEFAULT NULL
) ENGINE=InnoDB DEFAULT CHARSET=utf8 COLLATE=utf8_bin COMMENT='Central list of columns';

-- --------------------------------------------------------

--
-- Struktura tabulky `pma__column_info`
--

CREATE TABLE `pma__column_info` (
  `id` int(5) UNSIGNED NOT NULL,
  `db_name` varchar(64) NOT NULL DEFAULT '',
  `table_name` varchar(64) NOT NULL DEFAULT '',
  `column_name` varchar(64) NOT NULL DEFAULT '',
  `comment` varchar(255) CHARACTER SET utf8 COLLATE utf8_general_ci NOT NULL DEFAULT '',
  `mimetype` varchar(255) CHARACTER SET utf8 COLLATE utf8_general_ci NOT NULL DEFAULT '',
  `transformation` varchar(255) NOT NULL DEFAULT '',
  `transformation_options` varchar(255) NOT NULL DEFAULT '',
  `input_transformation` varchar(255) NOT NULL DEFAULT '',
  `input_transformation_options` varchar(255) NOT NULL DEFAULT ''
) ENGINE=InnoDB DEFAULT CHARSET=utf8 COLLATE=utf8_bin COMMENT='Column information for phpMyAdmin';

-- --------------------------------------------------------

--
-- Struktura tabulky `pma__designer_settings`
--

CREATE TABLE `pma__designer_settings` (
  `username` varchar(64) NOT NULL,
  `settings_data` text NOT NULL
) ENGINE=InnoDB DEFAULT CHARSET=utf8 COLLATE=utf8_bin COMMENT='Settings related to Designer';

-- --------------------------------------------------------

--
-- Struktura tabulky `pma__export_templates`
--

CREATE TABLE `pma__export_templates` (
  `id` int(5) UNSIGNED NOT NULL,
  `username` varchar(64) NOT NULL,
  `export_type` varchar(10) NOT NULL,
  `template_name` varchar(64) NOT NULL,
  `template_data` text NOT NULL
) ENGINE=InnoDB DEFAULT CHARSET=utf8 COLLATE=utf8_bin COMMENT='Saved export templates';

--
-- Vypisuji data pro tabulku `pma__export_templates`
--

INSERT INTO `pma__export_templates` (`id`, `username`, `export_type`, `template_name`, `template_data`) VALUES
(1, 'root', 'database', 'green', '{\"quick_or_custom\":\"quick\",\"what\":\"sql\",\"structure_or_data_forced\":\"0\",\"table_select[]\":[\"components\",\"contacts\",\"contents\",\"installed_templates\",\"list_components\",\"pages\",\"sms_messages\",\"templates\",\"users\"],\"table_structure[]\":[\"components\",\"contacts\",\"contents\",\"installed_templates\",\"list_components\",\"pages\",\"sms_messages\",\"templates\",\"users\"],\"table_data[]\":[\"components\",\"contacts\",\"contents\",\"installed_templates\",\"list_components\",\"pages\",\"sms_messages\",\"templates\",\"users\"],\"aliases_new\":\"\",\"output_format\":\"sendit\",\"filename_template\":\"@DATABASE@\",\"remember_template\":\"on\",\"charset\":\"utf-8\",\"compression\":\"none\",\"maxsize\":\"\",\"codegen_structure_or_data\":\"data\",\"codegen_format\":\"0\",\"csv_separator\":\",\",\"csv_enclosed\":\"\\\"\",\"csv_escaped\":\"\\\"\",\"csv_terminated\":\"AUTO\",\"csv_null\":\"NULL\",\"csv_structure_or_data\":\"data\",\"excel_null\":\"NULL\",\"excel_columns\":\"something\",\"excel_edition\":\"win\",\"excel_structure_or_data\":\"data\",\"json_structure_or_data\":\"data\",\"json_unicode\":\"something\",\"latex_caption\":\"something\",\"latex_structure_or_data\":\"structure_and_data\",\"latex_structure_caption\":\"Struktura tabulky @TABLE@\",\"latex_structure_continued_caption\":\"Struktura tabulky @TABLE@ (pokračování)\",\"latex_structure_label\":\"tab:@TABLE@-structure\",\"latex_relation\":\"something\",\"latex_comments\":\"something\",\"latex_mime\":\"something\",\"latex_columns\":\"something\",\"latex_data_caption\":\"Obsah tabulky @TABLE@\",\"latex_data_continued_caption\":\"Obsah tabulky @TABLE@ (pokračování)\",\"latex_data_label\":\"tab:@TABLE@-data\",\"latex_null\":\"\\\\textit{NULL}\",\"mediawiki_structure_or_data\":\"structure_and_data\",\"mediawiki_caption\":\"something\",\"mediawiki_headers\":\"something\",\"htmlword_structure_or_data\":\"structure_and_data\",\"htmlword_null\":\"NULL\",\"ods_null\":\"NULL\",\"ods_structure_or_data\":\"data\",\"odt_structure_or_data\":\"structure_and_data\",\"odt_relation\":\"something\",\"odt_comments\":\"something\",\"odt_mime\":\"something\",\"odt_columns\":\"something\",\"odt_null\":\"NULL\",\"pdf_report_title\":\"\",\"pdf_structure_or_data\":\"structure_and_data\",\"phparray_structure_or_data\":\"data\",\"sql_include_comments\":\"something\",\"sql_header_comment\":\"\",\"sql_use_transaction\":\"something\",\"sql_compatibility\":\"NONE\",\"sql_structure_or_data\":\"structure_and_data\",\"sql_create_table\":\"something\",\"sql_auto_increment\":\"something\",\"sql_create_view\":\"something\",\"sql_procedure_function\":\"something\",\"sql_create_trigger\":\"something\",\"sql_backquotes\":\"something\",\"sql_type\":\"INSERT\",\"sql_insert_syntax\":\"both\",\"sql_max_query_size\":\"50000\",\"sql_hex_for_binary\":\"something\",\"sql_utc_time\":\"something\",\"texytext_structure_or_data\":\"structure_and_data\",\"texytext_null\":\"NULL\",\"xml_structure_or_data\":\"data\",\"xml_export_events\":\"something\",\"xml_export_functions\":\"something\",\"xml_export_procedures\":\"something\",\"xml_export_tables\":\"something\",\"xml_export_triggers\":\"something\",\"xml_export_views\":\"something\",\"xml_export_contents\":\"something\",\"yaml_structure_or_data\":\"data\",\"\":null,\"lock_tables\":null,\"as_separate_files\":null,\"csv_removeCRLF\":null,\"csv_columns\":null,\"excel_removeCRLF\":null,\"json_pretty_print\":null,\"htmlword_columns\":null,\"ods_columns\":null,\"sql_dates\":null,\"sql_relation\":null,\"sql_mime\":null,\"sql_disable_fk\":null,\"sql_views_as_tables\":null,\"sql_metadata\":null,\"sql_create_database\":null,\"sql_drop_table\":null,\"sql_if_not_exists\":null,\"sql_simple_view_export\":null,\"sql_view_current_user\":null,\"sql_or_replace_view\":null,\"sql_truncate\":null,\"sql_delayed\":null,\"sql_ignore\":null,\"texytext_columns\":null}');

-- --------------------------------------------------------

--
-- Struktura tabulky `pma__favorite`
--

CREATE TABLE `pma__favorite` (
  `username` varchar(64) NOT NULL,
  `tables` text NOT NULL
) ENGINE=InnoDB DEFAULT CHARSET=utf8 COLLATE=utf8_bin COMMENT='Favorite tables';

-- --------------------------------------------------------

--
-- Struktura tabulky `pma__history`
--

CREATE TABLE `pma__history` (
  `id` bigint(20) UNSIGNED NOT NULL,
  `username` varchar(64) NOT NULL DEFAULT '',
  `db` varchar(64) NOT NULL DEFAULT '',
  `table` varchar(64) NOT NULL DEFAULT '',
  `timevalue` timestamp NOT NULL DEFAULT current_timestamp(),
  `sqlquery` text NOT NULL
) ENGINE=InnoDB DEFAULT CHARSET=utf8 COLLATE=utf8_bin COMMENT='SQL history for phpMyAdmin';

-- --------------------------------------------------------

--
-- Struktura tabulky `pma__navigationhiding`
--

CREATE TABLE `pma__navigationhiding` (
  `username` varchar(64) NOT NULL,
  `item_name` varchar(64) NOT NULL,
  `item_type` varchar(64) NOT NULL,
  `db_name` varchar(64) NOT NULL,
  `table_name` varchar(64) NOT NULL
) ENGINE=InnoDB DEFAULT CHARSET=utf8 COLLATE=utf8_bin COMMENT='Hidden items of navigation tree';

-- --------------------------------------------------------

--
-- Struktura tabulky `pma__pdf_pages`
--

CREATE TABLE `pma__pdf_pages` (
  `db_name` varchar(64) NOT NULL DEFAULT '',
  `page_nr` int(10) UNSIGNED NOT NULL,
  `page_descr` varchar(50) CHARACTER SET utf8 COLLATE utf8_general_ci NOT NULL DEFAULT ''
) ENGINE=InnoDB DEFAULT CHARSET=utf8 COLLATE=utf8_bin COMMENT='PDF relation pages for phpMyAdmin';

-- --------------------------------------------------------

--
-- Struktura tabulky `pma__recent`
--

CREATE TABLE `pma__recent` (
  `username` varchar(64) NOT NULL,
  `tables` text NOT NULL
) ENGINE=InnoDB DEFAULT CHARSET=utf8 COLLATE=utf8_bin COMMENT='Recently accessed tables';

--
-- Vypisuji data pro tabulku `pma__recent`
--

INSERT INTO `pma__recent` (`username`, `tables`) VALUES
('root', '[{\"db\":\"green\",\"table\":\"components\"},{\"db\":\"green\",\"table\":\"contents\"},{\"db\":\"green\",\"table\":\"content_localizations\"},{\"db\":\"green\",\"table\":\"installed_templates\"},{\"db\":\"green\",\"table\":\"list_components\"},{\"db\":\"green\",\"table\":\"templates\"},{\"db\":\"green\",\"table\":\"users\"},{\"db\":\"green\",\"table\":\"pages\"},{\"db\":\"green2\",\"table\":\"contents\"},{\"db\":\"phpmyadmin\",\"table\":\"pma__favorite\"}]');

-- --------------------------------------------------------

--
-- Struktura tabulky `pma__relation`
--

CREATE TABLE `pma__relation` (
  `master_db` varchar(64) NOT NULL DEFAULT '',
  `master_table` varchar(64) NOT NULL DEFAULT '',
  `master_field` varchar(64) NOT NULL DEFAULT '',
  `foreign_db` varchar(64) NOT NULL DEFAULT '',
  `foreign_table` varchar(64) NOT NULL DEFAULT '',
  `foreign_field` varchar(64) NOT NULL DEFAULT ''
) ENGINE=InnoDB DEFAULT CHARSET=utf8 COLLATE=utf8_bin COMMENT='Relation table';

-- --------------------------------------------------------

--
-- Struktura tabulky `pma__savedsearches`
--

CREATE TABLE `pma__savedsearches` (
  `id` int(5) UNSIGNED NOT NULL,
  `username` varchar(64) NOT NULL DEFAULT '',
  `db_name` varchar(64) NOT NULL DEFAULT '',
  `search_name` varchar(64) NOT NULL DEFAULT '',
  `search_data` text NOT NULL
) ENGINE=InnoDB DEFAULT CHARSET=utf8 COLLATE=utf8_bin COMMENT='Saved searches';

-- --------------------------------------------------------

--
-- Struktura tabulky `pma__table_coords`
--

CREATE TABLE `pma__table_coords` (
  `db_name` varchar(64) NOT NULL DEFAULT '',
  `table_name` varchar(64) NOT NULL DEFAULT '',
  `pdf_page_number` int(11) NOT NULL DEFAULT 0,
  `x` float UNSIGNED NOT NULL DEFAULT 0,
  `y` float UNSIGNED NOT NULL DEFAULT 0
) ENGINE=InnoDB DEFAULT CHARSET=utf8 COLLATE=utf8_bin COMMENT='Table coordinates for phpMyAdmin PDF output';

-- --------------------------------------------------------

--
-- Struktura tabulky `pma__table_info`
--

CREATE TABLE `pma__table_info` (
  `db_name` varchar(64) NOT NULL DEFAULT '',
  `table_name` varchar(64) NOT NULL DEFAULT '',
  `display_field` varchar(64) NOT NULL DEFAULT ''
) ENGINE=InnoDB DEFAULT CHARSET=utf8 COLLATE=utf8_bin COMMENT='Table information for phpMyAdmin';

-- --------------------------------------------------------

--
-- Struktura tabulky `pma__table_uiprefs`
--

CREATE TABLE `pma__table_uiprefs` (
  `username` varchar(64) NOT NULL,
  `db_name` varchar(64) NOT NULL,
  `table_name` varchar(64) NOT NULL,
  `prefs` text NOT NULL,
  `last_update` timestamp NOT NULL DEFAULT current_timestamp() ON UPDATE current_timestamp()
) ENGINE=InnoDB DEFAULT CHARSET=utf8 COLLATE=utf8_bin COMMENT='Tables'' UI preferences';

--
-- Vypisuji data pro tabulku `pma__table_uiprefs`
--

INSERT INTO `pma__table_uiprefs` (`username`, `db_name`, `table_name`, `prefs`, `last_update`) VALUES
('root', 'green', 'list_components', '{\"sorted_col\":\"`list_components`.`list_components_id` ASC\"}', '2024-05-08 11:27:14'),
('root', 'green', 'users', '[]', '2024-05-08 10:52:23');

-- --------------------------------------------------------

--
-- Struktura tabulky `pma__tracking`
--

CREATE TABLE `pma__tracking` (
  `db_name` varchar(64) NOT NULL,
  `table_name` varchar(64) NOT NULL,
  `version` int(10) UNSIGNED NOT NULL,
  `date_created` datetime NOT NULL,
  `date_updated` datetime NOT NULL,
  `schema_snapshot` text NOT NULL,
  `schema_sql` text DEFAULT NULL,
  `data_sql` longtext DEFAULT NULL,
  `tracking` set('UPDATE','REPLACE','INSERT','DELETE','TRUNCATE','CREATE DATABASE','ALTER DATABASE','DROP DATABASE','CREATE TABLE','ALTER TABLE','RENAME TABLE','DROP TABLE','CREATE INDEX','DROP INDEX','CREATE VIEW','ALTER VIEW','DROP VIEW') DEFAULT NULL,
  `tracking_active` int(1) UNSIGNED NOT NULL DEFAULT 1
) ENGINE=InnoDB DEFAULT CHARSET=utf8 COLLATE=utf8_bin COMMENT='Database changes tracking for phpMyAdmin';

-- --------------------------------------------------------

--
-- Struktura tabulky `pma__userconfig`
--

CREATE TABLE `pma__userconfig` (
  `username` varchar(64) NOT NULL,
  `timevalue` timestamp NOT NULL DEFAULT current_timestamp() ON UPDATE current_timestamp(),
  `config_data` text NOT NULL
) ENGINE=InnoDB DEFAULT CHARSET=utf8 COLLATE=utf8_bin COMMENT='User preferences storage for phpMyAdmin';

--
-- Vypisuji data pro tabulku `pma__userconfig`
--

INSERT INTO `pma__userconfig` (`username`, `timevalue`, `config_data`) VALUES
('root', '2024-05-08 12:36:32', '{\"Console\\/Mode\":\"collapse\",\"lang\":\"cs\"}');

-- --------------------------------------------------------

--
-- Struktura tabulky `pma__usergroups`
--

CREATE TABLE `pma__usergroups` (
  `usergroup` varchar(64) NOT NULL,
  `tab` varchar(64) NOT NULL,
  `allowed` enum('Y','N') NOT NULL DEFAULT 'N'
) ENGINE=InnoDB DEFAULT CHARSET=utf8 COLLATE=utf8_bin COMMENT='User groups with configured menu items';

-- --------------------------------------------------------

--
-- Struktura tabulky `pma__users`
--

CREATE TABLE `pma__users` (
  `username` varchar(64) NOT NULL,
  `usergroup` varchar(64) NOT NULL
) ENGINE=InnoDB DEFAULT CHARSET=utf8 COLLATE=utf8_bin COMMENT='Users and their assignments to user groups';

--
-- Indexy pro exportované tabulky
--

--
-- Indexy pro tabulku `pma__bookmark`
--
ALTER TABLE `pma__bookmark`
  ADD PRIMARY KEY (`id`);

--
-- Indexy pro tabulku `pma__central_columns`
--
ALTER TABLE `pma__central_columns`
  ADD PRIMARY KEY (`db_name`,`col_name`);

--
-- Indexy pro tabulku `pma__column_info`
--
ALTER TABLE `pma__column_info`
  ADD PRIMARY KEY (`id`),
  ADD UNIQUE KEY `db_name` (`db_name`,`table_name`,`column_name`);

--
-- Indexy pro tabulku `pma__designer_settings`
--
ALTER TABLE `pma__designer_settings`
  ADD PRIMARY KEY (`username`);

--
-- Indexy pro tabulku `pma__export_templates`
--
ALTER TABLE `pma__export_templates`
  ADD PRIMARY KEY (`id`),
  ADD UNIQUE KEY `u_user_type_template` (`username`,`export_type`,`template_name`);

--
-- Indexy pro tabulku `pma__favorite`
--
ALTER TABLE `pma__favorite`
  ADD PRIMARY KEY (`username`);

--
-- Indexy pro tabulku `pma__history`
--
ALTER TABLE `pma__history`
  ADD PRIMARY KEY (`id`),
  ADD KEY `username` (`username`,`db`,`table`,`timevalue`);

--
-- Indexy pro tabulku `pma__navigationhiding`
--
ALTER TABLE `pma__navigationhiding`
  ADD PRIMARY KEY (`username`,`item_name`,`item_type`,`db_name`,`table_name`);

--
-- Indexy pro tabulku `pma__pdf_pages`
--
ALTER TABLE `pma__pdf_pages`
  ADD PRIMARY KEY (`page_nr`),
  ADD KEY `db_name` (`db_name`);

--
-- Indexy pro tabulku `pma__recent`
--
ALTER TABLE `pma__recent`
  ADD PRIMARY KEY (`username`);

--
-- Indexy pro tabulku `pma__relation`
--
ALTER TABLE `pma__relation`
  ADD PRIMARY KEY (`master_db`,`master_table`,`master_field`),
  ADD KEY `foreign_field` (`foreign_db`,`foreign_table`);

--
-- Indexy pro tabulku `pma__savedsearches`
--
ALTER TABLE `pma__savedsearches`
  ADD PRIMARY KEY (`id`),
  ADD UNIQUE KEY `u_savedsearches_username_dbname` (`username`,`db_name`,`search_name`);

--
-- Indexy pro tabulku `pma__table_coords`
--
ALTER TABLE `pma__table_coords`
  ADD PRIMARY KEY (`db_name`,`table_name`,`pdf_page_number`);

--
-- Indexy pro tabulku `pma__table_info`
--
ALTER TABLE `pma__table_info`
  ADD PRIMARY KEY (`db_name`,`table_name`);

--
-- Indexy pro tabulku `pma__table_uiprefs`
--
ALTER TABLE `pma__table_uiprefs`
  ADD PRIMARY KEY (`username`,`db_name`,`table_name`);

--
-- Indexy pro tabulku `pma__tracking`
--
ALTER TABLE `pma__tracking`
  ADD PRIMARY KEY (`db_name`,`table_name`,`version`);

--
-- Indexy pro tabulku `pma__userconfig`
--
ALTER TABLE `pma__userconfig`
  ADD PRIMARY KEY (`username`);

--
-- Indexy pro tabulku `pma__usergroups`
--
ALTER TABLE `pma__usergroups`
  ADD PRIMARY KEY (`usergroup`,`tab`,`allowed`);

--
-- Indexy pro tabulku `pma__users`
--
ALTER TABLE `pma__users`
  ADD PRIMARY KEY (`username`,`usergroup`);

--
-- AUTO_INCREMENT pro tabulky
--

--
-- AUTO_INCREMENT pro tabulku `pma__bookmark`
--
ALTER TABLE `pma__bookmark`
  MODIFY `id` int(10) UNSIGNED NOT NULL AUTO_INCREMENT;

--
-- AUTO_INCREMENT pro tabulku `pma__column_info`
--
ALTER TABLE `pma__column_info`
  MODIFY `id` int(5) UNSIGNED NOT NULL AUTO_INCREMENT;

--
-- AUTO_INCREMENT pro tabulku `pma__export_templates`
--
ALTER TABLE `pma__export_templates`
  MODIFY `id` int(5) UNSIGNED NOT NULL AUTO_INCREMENT, AUTO_INCREMENT=2;

--
-- AUTO_INCREMENT pro tabulku `pma__history`
--
ALTER TABLE `pma__history`
  MODIFY `id` bigint(20) UNSIGNED NOT NULL AUTO_INCREMENT;

--
-- AUTO_INCREMENT pro tabulku `pma__pdf_pages`
--
ALTER TABLE `pma__pdf_pages`
  MODIFY `page_nr` int(10) UNSIGNED NOT NULL AUTO_INCREMENT;

--
-- AUTO_INCREMENT pro tabulku `pma__savedsearches`
--
ALTER TABLE `pma__savedsearches`
  MODIFY `id` int(5) UNSIGNED NOT NULL AUTO_INCREMENT;
--
-- Databáze: `quickstart`
--
CREATE DATABASE IF NOT EXISTS `quickstart` DEFAULT CHARACTER SET utf8mb4 COLLATE utf8mb4_general_ci;
USE `quickstart`;

-- --------------------------------------------------------

--
-- Struktura tabulky `comments`
--
-- Chyba při čtení struktury tabulky quickstart.comments: #1932 - Table &#039;quickstart.comments&#039; doesn&#039;t exist in engine
-- Chyba při čtení dat pro tabulku quickstart.comments: #1064 - Vaše syntaxe je nějaká divná blízko &#039;FROM `quickstart`.`comments`&#039; na řádku 1

-- --------------------------------------------------------

--
-- Struktura tabulky `posts`
--
-- Chyba při čtení struktury tabulky quickstart.posts: #1932 - Table &#039;quickstart.posts&#039; doesn&#039;t exist in engine
-- Chyba při čtení dat pro tabulku quickstart.posts: #1064 - Vaše syntaxe je nějaká divná blízko &#039;FROM `quickstart`.`posts`&#039; na řádku 1
COMMIT;

/*!40101 SET CHARACTER_SET_CLIENT=@OLD_CHARACTER_SET_CLIENT */;
/*!40101 SET CHARACTER_SET_RESULTS=@OLD_CHARACTER_SET_RESULTS */;
/*!40101 SET COLLATION_CONNECTION=@OLD_COLLATION_CONNECTION */;
